{"acc1": 0.453934361407671, "acc10": 0.818340582575458, "acc_sub": 0.4435267857142857}